Date,Latitude,Longitude,Oceans,Regions,Concentration,is_hotspot
2020-01-01,-15.055185738316501,71.33821704710824,Pacific,Polar,1.9337928197088665,0
2020-01-02,54.08571676918994,12.994691883883341,Atlantic,South,9.328212677296204,0
2020-01-03,27.839273017368612,-68.57005813692201,Indian,South,8.112114971436728,0
2020-01-04,11.839018103644392,112.96620709450153,Indian,Polar,13.236522527593486,0
2020-01-05,-41.27776314690762,66.50322211939654,Indian,North,8.499439704159668,0
2020-01-06,-41.28065755965568,-121.45790183583914,Atlantic,North,2.9841276160785513,0
2020-01-07,-53.029966539816066,147.9337864177833,Atlantic,South,24.465462564682845,1
2020-01-08,43.94113749299222,116.11340745234084,Indian,North,6.339695621245328,0
2020-01-09,12.133801409185057,161.92796878509265,Pacific,Polar,7.198127675347165,0
2020-01-10,24.96870933552546,81.25902301980959,Atlantic,North,2.9866776739036944,0
2020-01-11,-57.5298606845037,40.82947053688435,Pacific,South,5.211259474799919,0
2020-01-12,56.389182259439316,-29.432506935377205,Arctic,Polar,4.231939748135471,0
2020-01-13,39.89311689605061,155.78225400744478,Arctic,North,6.2240898987746505,0
2020-01-14,-34.51930671860686,131.78300022014702,Pacific,Equatorial,40.95513158399848,1
2020-01-15,-38.18100393514793,-163.72127876177183,Indian,Polar,2.038936389496967,0
2020-01-16,-37.99145881758794,-170.50788918098928,Arctic,Polar,1.665226700218557,0
2020-01-17,-23.490930844855473,-44.473187923902145,Pacific,Equatorial,33.10894113242329,1
2020-01-18,2.970771795868541,111.79919908145985,Atlantic,Equatorial,6.041779777335716,0
2020-01-19,-8.166597762946108,175.41940655338,Arctic,Polar,3.790060208001603,0
2020-01-20,-25.05250317623497,-125.84991920272985,Pacific,Equatorial,21.215325552833516,1
2020-01-21,13.422347366685536,33.88705752676864,Atlantic,South,4.521750119952576,0
2020-01-22,-43.26073672175498,-42.879291612832255,Pacific,South,46.516051461396344,1
2020-01-23,-24.94264217577382,169.16918321325716,Arctic,South,14.559190260781921,0
2020-01-24,-16.036578804756996,123.16281232885513,Arctic,Polar,4.556996677045234,0
2020-01-25,-5.271601893955689,121.79833369600962,Arctic,Equatorial,63.93513017112594,1
2020-01-26,34.22111536716163,-11.2704624738107,Atlantic,Equatorial,5.059525953963025,0
2020-01-27,-36.039146140996834,-30.664979158440534,Indian,North,15.9844644298547,0
2020-01-28,1.7081326096333926,-81.57345410494575,Indian,North,10.592461967501972,0
2020-01-29,11.089748263445095,-159.70482120566624,Pacific,Equatorial,27.768104157622762,1
2020-01-30,-54.425950473600274,131.30005545181916,Indian,Equatorial,35.25059067839637,1
2020-01-31,12.905382228172604,112.64436328682793,Pacific,Equatorial,7.676865793313615,0
2020-02-01,-39.53710515752502,179.89836238300703,Atlantic,Polar,3.4850278647499335,0
2020-02-02,-52.193808841766455,178.78926134660594,Pacific,Equatorial,11.710073240551475,0
2020-02-03,53.86626447039999,19.95541401694588,Pacific,North,3.992772297607998,0
2020-02-04,55.87584396894712,96.83546946498379,Pacific,Polar,55.37858204147367,1
2020-02-05,37.007681773975335,160.11566275767407,Atlantic,Equatorial,8.478716554594849,0
2020-02-06,-23.446347699195517,125.87306064386813,Pacific,North,5.167661509775566,0
2020-02-07,-48.27934631923394,-90.95468337244884,Indian,Polar,9.196777802872854,0
2020-02-08,22.107963181458828,-17.804111288366332,Pacific,Equatorial,2.806837396803233,0
2020-02-09,-7.181700751247844,-133.5026105454618,Pacific,Equatorial,3.5550771787852495,0
2020-02-10,-45.35541181862654,163.45836981314005,Atlantic,Equatorial,24.552069349776758,1
2020-02-11,-0.5787707866475778,38.22286840231682,Indian,Polar,4.388460288319845,0
2020-02-12,-55.87337746617379,-97.68859001875342,Pacific,North,2.7970329671393155,0
2020-02-13,49.11844824945385,61.81224638610842,Atlantic,North,12.76848845132374,0
2020-02-14,-28.94640220799797,42.5261665648425,Indian,South,24.662570351860662,1
2020-02-15,19.502674122477835,-51.06142150817742,Atlantic,Equatorial,16.595763616465373,1
2020-02-16,-22.594670869270686,-139.11926680813355,Pacific,South,20.37095100425507,1
2020-02-17,2.4081625413372976,61.76635041340786,Pacific,South,3.780857243901929,0
2020-02-18,5.605233521193558,7.310772325365589,Indian,North,2.553410357874816,0
2020-02-19,-37.817465336936756,98.03462102483016,Pacific,Polar,33.2284347073974,1
2020-02-20,56.350155331747025,7.258860400317619,Indian,Polar,5.856056255746133,0
2020-02-21,33.015938803333746,126.78534011467444,Atlantic,North,5.77902910912123,0
2020-02-22,52.7398729877027,18.686461958814796,Arctic,Polar,28.30006814195243,1
2020-02-23,47.37928205131786,21.93766975273906,Indian,South,13.374669303157201,0
2020-02-24,11.747997457330218,135.5952969570042,Arctic,Equatorial,11.675447722921154,0
2020-02-25,50.62490820277402,-34.746168163537064,Pacific,North,65.34331948074131,1
2020-02-26,-49.38089975376966,-131.75451775776935,Indian,Equatorial,4.0192697509945,0
2020-02-27,-36.48205650970257,-169.63823652719796,Atlantic,Polar,18.845097414451537,1
2020-02-28,-54.57272533073543,91.84941204250283,Atlantic,Equatorial,7.915637964155103,0
2020-02-29,-20.96036030840828,43.31143848724728,Atlantic,Polar,10.286461764658982,0
2020-03-01,-13.35872523726216,73.46871651572049,Indian,Polar,34.27768521239825,1
2020-03-02,-27.43811618713249,-103.33290185679213,Arctic,South,12.597951575800007,0
2020-03-03,39.44850109823152,-130.90626878876287,Indian,Polar,13.510733253147508,0
2020-03-04,-17.189600796769287,-174.76392035956252,Atlantic,South,21.918576878005304,1
2020-03-05,-26.287858837514307,-53.78847882962509,Atlantic,South,5.761326569230584,0
2020-03-06,5.123529978989816,32.37036726766791,Indian,South,3.753440833994473,0
2020-03-07,-43.08909300302848,-38.792143764096366,Pacific,North,3.2726055056216734,0
2020-03-08,36.26363769048476,-22.509028071457536,Pacific,North,2.4862494466703935,0
2020-03-09,-51.053922758427504,145.49713001774944,Pacific,Polar,57.77201104056768,1
2020-03-10,58.426432392062075,-54.628031871611874,Pacific,South,3.2930530814645254,0
2020-03-11,32.66937231559889,5.036216097531887,Pacific,North,6.8552038583994,0
2020-03-12,-36.15411821589931,102.1150845868115,Pacific,South,5.695236125400835,0
2020-03-13,-59.33734594516771,-37.24459836434274,Pacific,Equatorial,10.678855221686831,0
2020-03-14,37.8553714145801,43.95121208203446,Pacific,Equatorial,16.91974743255258,1
2020-03-15,24.822881261714052,130.45093514882825,Arctic,Equatorial,17.4906794522132,1
2020-03-16,27.480860164918475,161.82742451675117,Atlantic,Polar,4.134870530209918,0
2020-03-17,32.552441602313486,-127.05354686554634,Pacific,South,8.530799120912807,0
2020-03-18,-51.11464179190916,153.57154505813799,Atlantic,Equatorial,9.819243107336607,0
2020-03-19,-16.984112574687288,-2.838134491366251,Pacific,North,7.12990958305409,0
2020-03-20,-46.095712856984434,-87.03202021237499,Arctic,Equatorial,37.177516242140996,1
2020-03-21,43.572411105071225,-14.71112775422593,Indian,Equatorial,12.892924706610561,0
2020-03-22,14.79577521930695,172.81172710277173,Pacific,Equatorial,15.41359215597032,0
2020-03-23,-20.292237017682098,-2.6574861625669444,Atlantic,Polar,16.495541516092917,1
2020-03-24,-52.372997965677165,-61.64942029649704,Indian,North,24.28227951400413,1
2020-03-25,-22.682121394120536,48.02430755402128,Arctic,South,9.362192779520017,0
2020-03-26,-20.978001356790354,-93.5475772398505,Atlantic,North,2.464451601345468,0
2020-03-27,27.55274140056769,-152.689201880881,Atlantic,South,12.484980132953066,0
2020-03-28,16.506896562625574,-133.60330011216627,Pacific,Polar,4.901564928141695,0
2020-03-29,46.465529109159185,-133.90349797520193,Arctic,Polar,5.876316200496486,0
2020-03-30,-3.3342089805660846,-125.31503033557404,Pacific,Polar,13.882648894881793,0
2020-03-31,-45.6486904874038,-130.02221784621236,Arctic,Polar,25.7168157037995,1
2020-04-01,25.589374466759402,50.71490812915726,Atlantic,South,7.727923867165519,0
2020-04-02,31.294205834027693,-114.52316961630787,Atlantic,Equatorial,10.697552891425618,0
2020-04-03,7.353263708339548,-55.55977800340925,Atlantic,South,41.56341435484347,1
2020-04-04,32.51606159454732,142.84382756616426,Pacific,North,9.417315231823514,0
2020-04-05,-0.7445284362731108,-9.373809505365953,Pacific,Polar,101.04818905225672,1
2020-04-06,2.727939525839287,60.32078586756978,Pacific,Polar,13.237295375076945,0
2020-04-07,-8.695077796974044,-117.96484636741326,Pacific,North,1.999762385935614,0
2020-04-08,-56.94970479070858,-110.77595322887852,Indian,South,15.828273809783049,0
2020-04-09,-47.053028760803464,-165.28729814406762,Pacific,Equatorial,11.044531863365627,0
2020-04-10,-56.22849771759189,-119.18337729402076,Pacific,Equatorial,27.03733881023185,1
2020-04-11,16.369249351653647,-79.7074779484949,Arctic,North,15.362289181502167,0
2020-04-12,-22.2772822708408,-116.27622566037115,Indian,Equatorial,6.809520078049765,0
2020-04-13,1.0284829397643325,-148.06708784746,Arctic,South,2.9091240772555733,0
2020-04-14,48.90797687113116,-136.5710864037837,Arctic,South,7.490985813468548,0
2020-04-15,-30.084932502135008,-14.119643508218722,Pacific,North,4.252415833898756,0
2020-04-16,-10.754049235724432,-105.7198613739147,Pacific,South,4.731268539050765,0
2020-04-17,30.66613662516584,-48.86285002269283,Indian,Polar,15.365005873335388,0
2020-04-18,-32.544220141005304,1.2302175077484767,Atlantic,North,41.37229800959428,1
2020-04-19,-50.762410820544844,68.5421383065715,Pacific,South,11.145414626621923,0
2020-04-20,-25.229825650347838,-165.84762965720438,Indian,North,2.477080684747202,0
2020-04-21,-40.65344552951947,107.78774360725535,Pacific,Equatorial,11.592216230914547,0
2020-04-22,51.56371828110877,46.044140216726795,Pacific,South,24.632425516463133,1
2020-04-23,36.974445547730035,-150.56674849840613,Atlantic,Polar,4.473295854983233,0
2020-04-24,16.008450781250815,134.4883046784398,Atlantic,South,6.478745913898659,0
2020-04-25,44.57527082252612,151.51406419145275,Atlantic,North,7.511438205638446,0
2020-04-26,36.440649227893736,-158.01193445224905,Pacific,North,4.5105725236722884,0
2020-04-27,-37.6115929336757,-80.32404666700666,Indian,South,14.519026524953297,0
2020-04-28,47.10707981879733,110.23246072550208,Pacific,Polar,6.589803005900427,0
2020-04-29,4.721069029878087,89.37348853811702,Pacific,Polar,11.339917295587982,0
2020-04-30,36.8928186196875,-113.57243303170416,Indian,Polar,3.8505333203784318,0
2020-05-01,47.53095599081919,-104.6342435987843,Arctic,North,5.680905717787545,0
2020-05-02,-21.839583003376333,-46.630042995102485,Indian,South,15.993416151560266,0
2020-05-03,-46.79376905667879,-5.571725331232322,Indian,Equatorial,6.730927875492301,0
2020-05-04,-32.647780494966995,42.571717750906544,Atlantic,North,42.220895029200456,1
2020-05-05,-8.747065364849242,-47.19108975488193,Atlantic,Polar,5.850981444228616,0
2020-05-06,38.16177191069917,-13.487502192066758,Pacific,South,10.087030985070157,0
2020-05-07,43.287669990761216,89.08953772815235,Atlantic,Polar,18.8419243161933,1
2020-05-08,-59.16574433625711,-166.79404695938476,Pacific,Equatorial,1.8965012916645116,0
2020-05-09,1.2896763093078878,-89.12270003615252,Pacific,Polar,1.9500760103224903,0
2020-05-10,-9.910679622146521,76.80585091843888,Indian,Polar,1.742631246990434,0
2020-05-11,-33.34706274351237,142.27446156739177,Atlantic,Equatorial,26.14665927504449,1
2020-05-12,-45.61615591995806,4.203879161639805,Pacific,South,5.981306088718375,0
2020-05-13,-19.486179431564643,11.560854695513637,Pacific,North,96.94225204549996,1
2020-05-14,53.149164469502296,-141.41807591768062,Atlantic,South,5.6802856466206775,0
2020-05-15,-21.21564815750937,-18.93154794355633,Pacific,Equatorial,10.288413859918002,0
2020-05-16,2.254874609203932,11.742215923808338,Indian,Polar,35.23120296806723,1
2020-05-17,24.362275067421344,-92.71061869149732,Atlantic,South,55.90350515936489,1
2020-05-18,-16.364447714484722,-83.07243685822286,Atlantic,North,58.570120282108135,1
2020-05-19,56.61384992651528,-44.177701282335846,Atlantic,Equatorial,25.609381550371303,1
2020-05-20,55.49367539305335,-172.77436880001852,Indian,South,21.133552505598725,1
2020-05-21,-29.7861245009563,-64.05150039005582,Pacific,North,13.902448043958884,0
2020-05-22,-0.3301792929137459,-103.87871748124392,Atlantic,Equatorial,16.646100589252956,1
2020-05-23,-23.89460282198764,-62.100953215950724,Atlantic,North,4.88491147905438,0
2020-05-24,-25.81914067470389,-136.88563254506957,Pacific,Equatorial,3.533687106624595,0
2020-05-25,-55.57356631745606,140.5898210663622,Indian,Polar,7.3915654506286375,0
2020-05-26,13.147720077587621,33.69328327945752,Indian,South,6.720459806868224,0
2020-05-27,0.32148278746337855,64.47683489201626,Atlantic,North,4.864794986798326,0
2020-05-28,-53.82254985000128,104.10164589864178,Indian,Equatorial,14.903640594346687,0
2020-05-29,-26.56242429160663,-0.5608083855393797,Indian,North,20.57270695335977,1
2020-05-30,48.99190631599844,-148.70869628852748,Indian,North,9.459717868488346,0
2020-05-31,-31.25257311996331,13.358355054677201,Indian,South,33.60651585472204,1
2020-06-01,-42.61261534905323,31.262802487516485,Atlantic,Polar,3.0718074440394143,0
2020-06-02,-1.2656687666924382,88.35821070635879,Atlantic,North,6.236975472723372,0
2020-06-03,58.27805449327209,-24.602563357315418,Atlantic,Equatorial,4.48154473602602,0
2020-06-04,-30.95336741861995,-134.07109099359704,Indian,Equatorial,1.3706294604928566,0
2020-06-05,20.656265688705425,-77.8406739124592,Pacific,Polar,7.69633768811746,0
2020-06-06,31.39435383944611,-49.29037329649137,Indian,Equatorial,8.399119260177198,0
2020-06-07,-31.48349472091204,52.530206879376436,Indian,Polar,33.831475899059555,1
2020-06-08,27.38596183342315,25.48018968080828,Pacific,Equatorial,14.061240882007578,0
2020-06-09,-15.866024073689612,-51.805178676775355,Indian,South,3.4162207500046136,0
2020-06-10,15.876699671229538,175.1454895654727,Pacific,North,47.19245396019039,1
2020-06-11,16.023565291307364,38.07893496847937,Pacific,South,25.56259291370059,1
2020-06-12,4.292962088971017,-94.59835497504199,Indian,North,14.09796862646938,0
2020-06-13,-49.165227593471,-143.35830985665464,Pacific,North,6.096198772702108,0
2020-06-14,40.23629947070856,-124.97070989364047,Indian,North,3.750406592686531,0
2020-06-15,-21.506392203391698,-91.45521778157708,Indian,South,5.400746625265994,0
2020-06-16,-37.61777875201749,-122.15470562655996,Atlantic,North,22.21771204391864,1
2020-06-17,-55.106983013428334,-112.83587134152992,Pacific,South,48.86997068745999,1
2020-06-18,10.907153182589017,-77.36573927021504,Pacific,Polar,35.54769128990918,1
2020-06-19,21.307723421073888,-117.58550569388827,Atlantic,Equatorial,5.6575396105602564,0
2020-06-20,-58.009460528657264,142.83555286551305,Arctic,Equatorial,2.429326867877689,0
2020-06-21,1.4511669959137175,-151.1158515618088,Atlantic,North,9.300205562934272,0
2020-06-22,-32.820506976247444,8.824100245291682,Pacific,South,2.6023815259473704,0
2020-06-23,17.420734849133982,-32.257142283721855,Atlantic,Equatorial,11.988051491586319,0
2020-06-24,-39.07602851940103,173.6563020870983,Atlantic,South,6.380583131535148,0
2020-06-25,22.912528572295912,-139.66599521950116,Indian,South,6.4053512325896795,0
2020-06-26,-13.591758443935511,-36.77198434353301,Pacific,North,2.5875109356873907,0
2020-06-27,52.40759864840814,169.00935597913278,Indian,Equatorial,12.355103159027964,0
2020-06-28,-43.49748670248081,131.5825653218329,Atlantic,North,4.367896649578795,0
2020-06-29,-19.07203787396898,114.14594554174077,Arctic,North,2.333346848134877,0
2020-06-30,-46.38317745112931,-87.15498226382167,Pacific,Equatorial,0.6623364135888231,0
2020-07-01,50.96323419342753,-118.48046853957631,Atlantic,Equatorial,7.994067946370652,0
2020-07-02,45.280722405717725,60.711559172795155,Arctic,Polar,43.60875338063561,1
2020-07-03,-29.047004674181327,154.57535608593088,Pacific,Polar,38.92240960887246,1
2020-07-04,19.198085524101486,20.434641485014723,Arctic,South,5.283940671383446,0
2020-07-05,38.0666640241459,25.780568209163945,Atlantic,Equatorial,4.613705043129608,0
2020-07-06,6.6240973919354795,-79.20752628229769,Pacific,Polar,12.61875145694213,0
2020-07-07,3.558069402720778,97.01745594909728,Pacific,South,2.820105599674524,0
2020-07-08,-30.9777250919458,-112.66425051929158,Indian,South,10.2922072055121,0
2020-07-09,-48.82766786329209,-63.47547489447228,Pacific,South,16.34329167020608,1
2020-07-10,47.66589095439921,-26.84288209808996,Atlantic,Polar,26.877713430183576,1
2020-07-11,48.050166859599656,2.7397363264038077,Pacific,Equatorial,7.059536055184965,0
2020-07-12,15.972174872792152,-92.73249633057111,Atlantic,North,6.538239462898577,0
2020-07-13,-19.31642507415592,-138.65874309388673,Pacific,South,3.43649328940365,0
2020-07-14,-18.09485104648069,39.82321527898773,Indian,Polar,3.736224221227279,0
2020-07-15,27.114681464428724,-76.09300083350792,Arctic,Polar,6.635338842585159,0
2020-07-16,47.65323119430925,29.24575971214042,Arctic,North,10.983100869417406,0
2020-07-17,46.450370911814076,-124.42942250128716,Indian,North,19.399833713299554,1
2020-07-18,33.585065502914865,-6.789563332265707,Pacific,Polar,4.245147740583492,0
2020-07-19,17.043797538514532,11.73219571857091,Indian,Equatorial,33.53098111270651,1
2020-07-20,-49.90320420059414,-161.3435267439263,Pacific,North,5.775013770598582,0
2020-07-21,-40.60455430864635,-58.822459850188594,Pacific,Polar,7.718041374706596,0
2020-07-22,47.82650262324951,-131.61071630196926,Pacific,North,4.761054160518079,0
2020-07-23,12.77148715915079,-157.1850106298036,Atlantic,Equatorial,1.5529559392548407,0
2020-07-24,-58.89635380600444,176.3856836603803,Indian,South,17.891877573984488,1
2020-07-25,-47.82341485607615,-63.95261580909973,Atlantic,North,15.72721666736823,0
2020-07-26,19.6202122929667,111.55480050766855,Atlantic,Equatorial,5.625767844809334,0
2020-07-27,-59.39260993845376,-88.32936428504502,Pacific,Polar,8.102619948860655,0
2020-07-28,-40.703033829900164,65.34098000061454,Arctic,North,12.634479212469207,0
2020-07-29,5.848054723990335,93.68202956028716,Atlantic,North,1.650651743820877,0
2020-07-30,23.027423723123192,34.42994661882394,Atlantic,Polar,4.801597492741765,0
2020-07-31,18.235351140312062,-10.232572121942987,Pacific,South,17.340871128405645,1
2020-08-01,-33.08768286473283,-31.737270906983326,Indian,Polar,3.2827568791363775,0
2020-08-02,25.461506561704304,-54.40742404452169,Atlantic,North,11.30187310014627,0
2020-08-03,-31.530109500383993,154.6304919292173,Pacific,Polar,1.921509681377342,0
2020-08-04,-20.952036220887873,119.02298680358248,Pacific,Equatorial,11.823781334057761,0
2020-08-05,29.578968614162896,167.40968783994452,Atlantic,Polar,7.139624385826,0
2020-08-06,17.955947885665758,-135.2529995452039,Atlantic,North,2.880354249543727,0
2020-08-07,41.906809259301355,83.11229107331194,Pacific,Polar,23.782949761834832,1
2020-08-08,18.913547076041205,157.80256445557362,Arctic,South,3.5561252585261918,0
2020-08-09,8.197032400256594,-114.75609618036235,Pacific,Polar,4.054511481669435,0
2020-08-10,-48.759027860628905,-156.0613437479601,Atlantic,South,9.180855370208416,0
2020-08-11,-15.874103632867978,86.80343374442126,Arctic,Equatorial,23.440159715498076,1
2020-08-12,-28.175715878192946,26.810320744768283,Atlantic,South,3.19696613143152,0
2020-08-13,-30.72124279450997,123.05835963297794,Atlantic,Polar,7.8910100047471845,0
2020-08-14,56.76126657029347,-129.6819444145358,Pacific,North,12.241336895677666,0
2020-08-15,-12.828273039988751,106.29623226956046,Pacific,South,14.847828634498272,0
2020-08-16,47.04558662125359,-107.41416478281197,Arctic,Equatorial,9.519348161661348,0
2020-08-17,15.736635119671547,-121.08386056834638,Atlantic,South,6.059174808424829,0
2020-08-18,35.377356424997814,-120.86431274484254,Indian,South,4.284619307261393,0
2020-08-19,0.31645117262305344,113.24689928329757,Pacific,South,8.106776257261851,0
2020-08-20,9.228466155163094,59.47099945063205,Pacific,Equatorial,2.7217652877731346,0
2020-08-21,-0.897876741736332,8.303552916882957,Pacific,Polar,1.5410649691722944,0
2020-08-22,-36.57084146423466,-50.8210257155391,Atlantic,South,12.047521364955097,0
2020-08-23,26.69425383138064,135.79219469271897,Pacific,South,18.268096531782135,1
2020-08-24,-26.307316507097305,-38.71976132785126,Indian,North,1.5440380466674577,0
2020-08-25,-57.08208402822554,113.97579820976776,Atlantic,Equatorial,2.747778161435729,0
2020-08-26,17.456675508860137,-21.91143291472137,Arctic,South,15.023769976858953,0
2020-08-27,-38.746718471154125,-44.30000540703327,Pacific,Equatorial,58.57606018903569,1
2020-08-28,52.85503012234972,-13.435277158941684,Indian,South,8.487993377257968,0
2020-08-29,54.471429240310485,-71.50396530090885,Indian,Polar,4.313609477274381,0
2020-08-30,49.78372682645382,89.1393768634504,Indian,Polar,6.199214712367905,0
2020-08-31,-15.580955969346672,0.9793404332924949,Indian,South,31.030250346999416,1
2020-09-01,-58.14520601653591,-96.40342974714576,Indian,Polar,4.0745582071573505,0
2020-09-02,51.39822751052704,143.84684637884465,Atlantic,South,3.336201422757173,0
2020-09-03,-8.61790220192228,-41.799160305643895,Pacific,Polar,5.405929836894909,0
2020-09-04,55.99857828524035,15.679030001035894,Pacific,North,3.227504321167401,0
2020-09-05,55.63439725071034,146.3299599472369,Arctic,North,8.361489625272123,0
2020-09-06,42.36113465608321,44.725678529037154,Atlantic,North,37.703396098646664,1
2020-09-07,-24.66613295164972,-137.91670534498894,Indian,Equatorial,10.538592761553597,0
2020-09-08,-13.788272567768969,158.33956450085105,Atlantic,Equatorial,5.749484226276123,0
2020-09-09,42.13640058202283,45.97489910571043,Pacific,North,5.733133399109473,0
2020-09-10,-21.96935938124668,-59.433978723448995,Pacific,Equatorial,2.096178608862945,0
2020-09-11,-39.6608703976689,-129.8620538411806,Atlantic,Polar,18.10071441531389,1
2020-09-12,6.816151495002019,105.84906813730655,Atlantic,South,6.883942769067187,0
2020-09-13,52.338572899293716,43.22619213426486,Pacific,South,6.402967821943678,0
2020-09-14,23.52357560099676,12.045993111475749,Atlantic,South,180.7857013943188,1
2020-09-15,8.407340410723796,141.80132989834476,Pacific,North,9.979766968187961,0
2020-09-16,-48.338820747507775,103.89499604083107,Atlantic,Equatorial,3.541218808020156,0
2020-09-17,13.800867203900369,-125.39704329620957,Pacific,Polar,5.282064477554316,0
2020-09-18,58.806462012511595,-67.78005559360264,Indian,Polar,24.237678798887046,1
2020-09-19,-43.189918171617116,-90.54390966679233,Pacific,North,8.626608565888247,0
2020-09-20,2.1995582836484084,87.8206653261637,Atlantic,Polar,1.860346878373031,0
2020-09-21,45.28476863135465,-167.92832349511943,Pacific,Polar,19.29777022779426,1
2020-09-22,28.892234130504534,25.16028655367395,Pacific,Polar,4.319175653830022,0
2020-09-23,23.641888919432155,94.48512686664859,Pacific,Polar,48.177959348332095,1
2020-09-24,24.29809007845311,135.6356292342298,Atlantic,Equatorial,21.782349151806883,1
2020-09-25,-16.86106185362938,-56.85057046227331,Atlantic,Polar,5.441054557159263,0
2020-09-26,-24.768978688260795,115.65262968192462,Pacific,South,26.668876353580707,1
2020-09-27,37.123338657421634,-140.1725746961254,Atlantic,North,10.177927287544817,0
2020-09-28,37.21360736150169,124.72282502442656,Indian,Equatorial,17.359321590352064,1
2020-09-29,44.04867822961244,-134.10408156048632,Indian,Polar,13.648163860646147,0
2020-09-30,49.58886630677655,-36.976575398267784,Pacific,Equatorial,4.491251850152943,0
2020-10-01,1.3610878633125356,107.0263316806393,Atlantic,Polar,3.9247602739944925,0
2020-10-02,0.1819553624639525,-126.02972615444143,Pacific,South,21.49403409266465,1
2020-10-03,35.79542147601302,-97.46949771624907,Pacific,North,6.1840984185486185,0
2020-10-04,17.99567169333182,80.01092462150386,Arctic,Polar,5.080672141609293,0
2020-10-05,24.2360252709244,79.21315315658677,Pacific,Polar,2.9845414291355974,0
2020-10-06,35.49512033233213,50.81314783870703,Atlantic,Polar,11.504228918167845,0
2020-10-07,46.80064101810795,69.821440008156,Atlantic,Polar,58.22900328210539,1
2020-10-08,-19.4405811778157,15.380799605134623,Indian,North,3.7331541496087417,0
2020-10-09,-14.930045683206718,-89.35233879349701,Atlantic,North,8.196926475665217,0
2020-10-10,-48.722167219095724,-55.549442338589,Pacific,South,30.63400959185913,1
2020-10-11,9.393616919540877,-114.62482195148677,Pacific,North,7.604536815990008,0
2020-10-12,-55.68692714439095,147.0422020801062,Atlantic,Polar,11.629444573407694,0
2020-10-13,-4.128237824104781,30.021046115803365,Pacific,South,3.259346733302136,0
2020-10-14,5.117356164909195,-35.69348996508964,Pacific,South,12.527357968742317,0
2020-10-15,-25.61504974460587,-13.677910688112235,Pacific,South,7.392421045006783,0
2020-10-16,10.89999126828129,161.02200226025352,Pacific,Polar,19.80903594271435,1
2020-10-17,-56.339970007314065,-124.79349487821113,Pacific,Equatorial,24.377231851021204,1
2020-10-18,-55.51821735009427,31.042739526047004,Pacific,Polar,98.92006951344345,1
2020-10-19,38.71206727915899,2.119924398407753,Atlantic,North,13.822452565635643,0
2020-10-20,-16.777123030648454,40.123524756473216,Atlantic,North,10.809559293722176,0
2020-10-21,-44.752738481773825,-173.48033382449742,Indian,Polar,9.10237703791049,0
2020-10-22,2.6691912065765244,133.96460721989453,Pacific,Polar,5.216120953689265,0
2020-10-23,32.3992263718333,155.56258169410046,Pacific,South,10.373592506623698,0
2020-10-24,-34.10147670037882,23.44794609211522,Pacific,Polar,6.159474260827547,0
2020-10-25,14.746857098280032,70.79429659568122,Atlantic,South,8.866028633142967,0
2020-10-26,-49.758304200747844,152.09977722382644,Indian,North,27.608803801846875,1
2020-10-27,-53.79819345976708,74.6059083528235,Pacific,South,2.915925004420058,0
2020-10-28,3.7625557881777594,-125.08594455086592,Arctic,Polar,23.96561676731648,1
2020-10-29,4.876214593212782,27.463809660052743,Pacific,North,28.10014540354326,1
2020-10-30,16.491588179784785,38.41741669782812,Atlantic,Equatorial,6.979383093698972,0
2020-10-31,27.130960046719387,-27.312958331141033,Indian,South,2.6417632383209977,0
2020-11-01,57.10224953550415,85.11992482490022,Indian,North,4.074878502981599,0
2020-11-02,1.9560417961434373,156.37212531684534,Indian,South,27.041369665823982,1
2020-11-03,-21.245223247050482,153.20466464643948,Indian,North,7.230503170337881,0
2020-11-04,35.42234337224444,-17.697826294512442,Pacific,North,4.063686903124261,0
2020-11-05,-27.500129848551094,-139.2343034973281,Indian,South,4.681341048368046,0
2020-11-06,-7.323429515323667,174.54283162644046,Pacific,Equatorial,17.133557165488,1
2020-11-07,-50.58523423892809,122.00331112053628,Indian,North,12.800109852609426,0
2020-11-08,-56.9579107901451,-135.12143476682394,Atlantic,North,5.972417866142737,0
2020-11-09,55.517809761351,151.50307774225405,Indian,North,5.130863851144717,0
2020-11-10,40.3176144614647,133.16269034236618,Atlantic,Equatorial,5.009654594862886,0
2020-11-11,23.516904731243756,6.781700565385962,Atlantic,Equatorial,3.706889224529546,0
2020-11-12,-10.925646670287614,32.85915686817453,Atlantic,Polar,37.68408357477764,1
2020-11-13,-39.204681591498506,-36.359026606753105,Indian,South,5.9628414029533765,0
2020-11-14,-41.22755487946967,-160.28581002406872,Pacific,Equatorial,25.069949139271174,1
2020-11-15,-29.97085222024856,-59.32899300747567,Pacific,South,34.286319859158326,1
2020-11-16,5.9071997647344565,109.02724149528412,Pacific,Polar,20.11991561945647,1
2020-11-17,25.75151072400748,-178.33247171834296,Pacific,South,5.360030830920807,0
2020-11-18,19.22368520612775,-59.94029819118809,Indian,Equatorial,12.476507031973094,0
2020-11-19,-26.40793236648686,-36.65927030726041,Pacific,South,8.189009813884281,0
2020-11-20,54.58383367958329,13.462417057652235,Arctic,Equatorial,3.3455565119562536,0
2020-11-21,28.547630003492223,151.14802190859376,Pacific,South,10.232597830540863,0
2020-11-22,6.522486301368082,-55.31544202825395,Pacific,Equatorial,3.3463438463935145,0
2020-11-23,13.40648954812227,-55.09684731735803,Indian,Equatorial,25.660230434236368,1
2020-11-24,-9.647992508665212,85.50044931950941,Atlantic,South,4.746366212873014,0
2020-11-25,-30.272281259861103,-17.201541279669424,Atlantic,Polar,10.576393827567903,0
2020-11-26,-17.28327856184861,-99.1422637416065,Atlantic,North,10.28238947121605,0
2020-11-27,30.941533255724295,-17.121774192230376,Indian,Polar,7.170095917804424,0
2020-11-28,-58.27278136442929,-129.29147266327206,Pacific,South,13.3827873729611,0
2020-11-29,-46.07128313917005,-116.50068485775961,Arctic,Polar,4.827676924584569,0
2020-11-30,-54.47968295738967,-0.5876018137872929,Arctic,Equatorial,19.149066641802417,1
2020-12-01,-55.11254372172358,-29.186838178362752,Atlantic,North,2.5138315667237654,0
2020-12-02,42.655270081320865,149.344524384516,Pacific,South,8.393329204374615,0
2020-12-03,24.43894312560284,-49.53819631801208,Atlantic,South,53.41439263972318,1
2020-12-04,-3.0991405095209767,29.011806100095644,Pacific,South,3.552603776601244,0
2020-12-05,-48.25990072187982,47.615143651030934,Pacific,North,3.974172139273758,0
2020-12-06,-1.0060949859801172,-175.28599562819988,Pacific,Equatorial,12.693420050048283,0
2020-12-07,-3.183387506332118,58.87345392601581,Atlantic,South,9.184391015931233,0
2020-12-08,-39.215775610798175,-115.90705192688948,Indian,Polar,10.822375945005533,0
2020-12-09,-7.937802091443236,165.98531428900387,Indian,South,12.062239193940917,0
2020-12-10,-12.179431872315188,-126.48141800887933,Indian,South,14.550591764056875,0
2020-12-11,13.902011766265975,-30.735315458271458,Atlantic,South,24.24216528870455,1
2020-12-12,16.211238104117257,-149.27411949168823,Pacific,South,11.951210690705945,0
2020-12-13,-54.563518827354656,178.87473066454106,Pacific,Equatorial,5.810222664934322,0
2020-12-14,-15.046486244823454,0.790203719247331,Arctic,Polar,15.748959097044073,0
2020-12-15,15.103189885708366,34.338606235215764,Pacific,Equatorial,49.92862027258292,1
2020-12-16,0.37635102961052436,-155.8524681401661,Indian,Polar,7.035480546231964,0
2020-12-17,42.77878094259867,89.985769343704,Atlantic,South,2.872102504996788,0
2020-12-18,19.0432357942734,-104.43398648558913,Atlantic,North,22.966042549830753,1
2020-12-19,-40.44786875022844,143.29954419865695,Indian,Equatorial,6.5668481605930085,0
2020-12-20,-51.53175031194842,-106.14972942647742,Atlantic,North,1.0962789843400786,0
2020-12-21,17.090313384757874,-111.35242056108004,Indian,Equatorial,17.983567519205682,1
2020-12-22,-56.81864273500538,-166.84211957468585,Arctic,South,4.420360223414817,0
2020-12-23,10.293069752815596,-10.055899760400271,Atlantic,Equatorial,7.787200915062147,0
2020-12-24,52.82762897099491,23.342807974541913,Pacific,South,10.617443233110444,0
2020-12-25,9.056901345105475,-156.34488980579314,Atlantic,Equatorial,9.703020558221771,0
2020-12-26,-13.419608855217371,99.18994201020381,Arctic,South,15.092280092942692,0
2020-12-27,17.19458621308238,-16.816019490710058,Pacific,South,6.1071123788872415,0
2020-12-28,-5.0096531410180045,8.780496957928815,Atlantic,Polar,13.366224178145682,0
2020-12-29,5.474014717912192,-21.32541110223787,Atlantic,South,6.952268830993165,0
2020-12-30,52.97577705318302,-35.725298084882645,Indian,Polar,16.345256897170767,1
2020-12-31,-13.667683463907089,21.47051927095844,Pacific,South,14.856348949665138,0
2021-01-01,55.34286765886971,-124.1135114649435,Indian,North,3.7818346073636477,0
2021-01-02,48.64207703472765,-114.5058730217024,Arctic,South,23.073237315527773,1
2021-01-03,-36.505063825284424,130.24282356486623,Pacific,North,4.34969510219351,0
2021-01-04,-51.676643894980145,160.6015663681078,Pacific,North,16.59152731307088,1
2021-01-05,-47.9066398347088,-45.608646139288936,Arctic,South,11.27182695906592,0
2021-01-06,-57.81338092181403,-82.53191766832065,Pacific,North,46.68346854002466,1
2021-01-07,-48.66684470928859,51.83983556604567,Indian,Polar,6.242750179279815,0
2021-01-08,21.96081280996282,-32.8556984046853,Atlantic,Equatorial,7.389429127078266,0
2021-01-09,-51.45736218477252,-170.86091196227585,Pacific,South,7.312633605304157,0
2021-01-10,-21.722924364748643,-123.78506494817147,Indian,North,5.904777124518542,0
2021-01-11,41.38503731633455,77.75000238506311,Atlantic,South,16.543012273526102,1
2021-01-12,-57.2073677117009,57.21261908765449,Atlantic,Polar,1.7451921192994357,0
2021-01-13,37.736217910672295,-170.24544269874593,Pacific,South,3.334808226671711,0
2021-01-14,-26.17742702719201,-100.0900217041382,Atlantic,South,2.862134234315802,0
2021-01-15,-45.82022068540125,-96.8130732282943,Pacific,North,19.394098430539145,1
2021-01-16,23.60845984369808,61.88138769554223,Pacific,Polar,41.12358917149423,1
2021-01-17,15.47314161358608,-172.9042064084289,Arctic,Equatorial,7.260430746091331,0
2021-01-18,45.29664162324635,-142.52091048555343,Pacific,Equatorial,7.937525514905716,0
2021-01-19,28.20852525646629,107.96979073434817,Atlantic,North,7.960112068291318,0
2021-01-20,36.41771164618183,-115.7239216604399,Pacific,South,24.36696007347099,1
2021-01-21,-26.15585129144322,54.988598826674895,Indian,North,3.2494713571221587,0
2021-01-22,-38.707254746433264,-94.25419882317846,Pacific,North,9.693653508181194,0
2021-01-23,30.073770196903,-144.20109860663575,Arctic,North,20.921040712220602,1
2021-01-24,36.820168712071684,-92.45801124019653,Atlantic,South,12.74987285030789,0
2021-01-25,58.8606170400808,80.01609546803729,Pacific,Polar,9.007765579050917,0
2021-01-26,-10.485878770628823,128.05072851826287,Pacific,North,20.12709136148336,1
2021-01-27,-15.35782970486602,118.87915124411697,Pacific,South,0.5494188669539437,0
2021-01-28,33.16955528903962,-37.01392933735627,Atlantic,Polar,17.240322949063533,1
2021-01-29,-19.103575169637857,60.51064916543262,Pacific,North,4.184178908119953,0
2021-01-30,51.69087907242777,-106.20565365030446,Indian,Equatorial,1.9699623618004471,0
2021-01-31,43.00953022116141,-74.46681710603522,Atlantic,Polar,13.114305727972447,0
2021-02-01,-8.520716714997798,142.68089466760313,Pacific,North,29.205688105399684,1
2021-02-02,30.104528134979684,-175.31930753613503,Atlantic,Polar,7.210852600743407,0
2021-02-03,30.545144890161883,-149.21692889239148,Indian,Polar,20.483372214806685,1
2021-02-04,-47.62513573968809,-105.16094814743016,Pacific,Polar,37.20860551223186,1
2021-02-05,48.306348801548,-170.4484066054249,Pacific,Polar,28.24745145948396,1
2021-02-06,0.6302846937428574,-114.68324336767297,Pacific,Polar,38.820608513543455,1
2021-02-07,39.174895932929,29.894961949089183,Indian,Polar,15.84409927686825,0
2021-02-08,-21.59404787632659,-28.28716178670074,Atlantic,North,9.006636613507712,0
2021-02-09,47.46278741954406,141.36181598771094,Atlantic,Equatorial,1.5048965358894333,0
2021-02-10,-13.295798551900425,114.27968222583873,Indian,South,5.837559900863219,0
2021-02-11,-58.6994818223642,-56.94575338876465,Indian,Polar,3.692915882047493,0
2021-02-12,48.64583717031164,-86.60756396473471,Atlantic,South,65.35713587047312,1
2021-02-13,-49.04559878566397,-43.310733059783914,Indian,North,6.760988268897868,0
2021-02-14,-21.682363489150216,32.50617930533079,Pacific,Polar,9.142916448551176,0
2021-02-15,54.00743604609659,-83.49708930376454,Pacific,Equatorial,13.502562080112739,0
2021-02-16,54.07285763250673,44.69360682568825,Pacific,South,7.902797595629406,0
2021-02-17,8.812546574794332,-32.611805211153445,Pacific,Polar,41.35025715085007,1
2021-02-18,15.820465460375912,18.736985106712886,Atlantic,North,4.696197450647144,0
2021-02-19,-6.186537362601627,-22.994449511285993,Arctic,Equatorial,10.115097650707778,0
2021-02-20,-24.814707396232258,-73.99232656490963,Pacific,South,3.925961916096555,0
2021-02-21,-20.560254555610086,161.4431905063764,Pacific,South,1.98792389092132,0
2021-02-22,20.70221472924461,94.8980858975139,Atlantic,Polar,4.10091323037547,0
2021-02-23,30.284943532521602,-129.55925672407707,Arctic,Equatorial,8.20608465138518,0
2021-02-24,34.989485247101825,132.6484713232486,Pacific,Equatorial,4.83132087735757,0
2021-02-25,34.75417713534647,-4.524768630175089,Atlantic,Equatorial,4.6625049832368335,0
2021-02-26,-49.055267634157154,142.0388016818729,Pacific,Equatorial,1.8271846417422297,0
2021-02-27,-0.6695634356902236,107.94789214103348,Pacific,North,6.85949178674589,0
2021-02-28,-53.09294879800269,-26.92313839107596,Arctic,Equatorial,2.0307166922598885,0
2021-03-01,5.943465878848264,-171.91104900475773,Arctic,South,16.18278292524278,0
2021-03-02,-7.016339835194758,-83.27615062141942,Pacific,South,8.523736405027478,0
2021-03-03,46.524501930995974,14.988317277912092,Arctic,North,2.206337113770851,0
2021-03-04,-17.890198493750557,48.052159137413014,Atlantic,South,5.836250282392391,0
2021-03-05,-45.951958028687294,-87.16043324404718,Indian,South,3.7249795587948245,0
2021-03-06,-42.8409981536597,-129.83181333378332,Atlantic,Equatorial,10.350839989594741,0
2021-03-07,31.381275806096667,120.57488524774769,Atlantic,South,28.262612027417234,1
2021-03-08,14.186167597951327,174.38478505327876,Atlantic,North,1.1415462101066862,0
2021-03-09,-47.86527886526517,9.248465628966898,Atlantic,Equatorial,8.764708684771009,0
2021-03-10,-49.907183266200306,-118.19545709461075,Pacific,Polar,6.497365213998015,0
2021-03-11,24.1162957750944,-81.96936245302717,Pacific,Equatorial,15.138583514681514,0
2021-03-12,-51.26843923629678,-173.37935644291198,Pacific,North,9.232504565111926,0
2021-03-13,38.62320711484274,149.14757036177963,Indian,Equatorial,3.4926264487824525,0
2021-03-14,24.749067258779544,-137.6096101595492,Pacific,Equatorial,7.034380010438538,0
2021-03-15,-50.23814632297203,27.54593118513128,Atlantic,North,3.860775889012493,0
2021-03-16,-49.81947430977697,-81.34012055260584,Arctic,Equatorial,21.92475463603529,1
2021-03-17,58.396749420141056,19.504080905685626,Pacific,North,7.918508203973245,0
2021-03-18,-15.08750450926556,54.51133980667112,Atlantic,North,49.85795513681197,1
2021-03-19,-15.52294235197309,118.70704933459258,Atlantic,Polar,6.996442252725372,0
2021-03-20,37.53594807090031,-105.68834216618285,Indian,South,4.485132533389373,0
2021-03-21,53.66982928606304,-176.04150168294703,Pacific,South,2.1927815685174075,0
2021-03-22,58.32012765874451,-130.72117317522938,Atlantic,Equatorial,2.6116022314557834,0
2021-03-23,30.405382231072995,144.00671106531783,Indian,Equatorial,1.532251231160447,0
2021-03-24,-14.84884973629011,134.60042792250547,Arctic,Polar,9.681450577468036,0
2021-03-25,-49.97991399615975,35.06871678131099,Atlantic,Polar,12.901038286873579,0
2021-03-26,33.25762991129241,36.18606975611522,Atlantic,Polar,1.973799107118873,0
2021-03-27,7.008509968296606,59.413202836651976,Atlantic,North,18.33862004531112,1
2021-03-28,-9.093358890362847,-116.86633969555815,Indian,Polar,5.044638481427798,0
2021-03-29,48.76252621136832,149.18830053298552,Atlantic,Polar,8.56857001876775,0
2021-03-30,-46.65630212326184,-29.242611038853678,Pacific,Equatorial,38.27825393001101,1
2021-03-31,-0.884987485096902,-42.07012983018092,Arctic,Polar,19.113001872053136,1
2021-04-01,-58.63756262790971,6.810373901821514,Atlantic,North,6.4411587804225485,0
2021-04-02,-3.7607229607048476,-163.09225196098018,Atlantic,North,3.5652439968619443,0
2021-04-03,-53.243606918179516,-120.13798724781141,Pacific,Equatorial,1.0588145863679248,0
2021-04-04,-45.74185004783137,85.69210191349336,Atlantic,Polar,3.6993356161944693,0
2021-04-05,-45.89685038674742,-150.19247954695447,Pacific,Polar,6.138360516589075,0
2021-04-06,17.905236253927626,37.13475940789975,Atlantic,North,3.252980982717899,0
2021-04-07,29.525385511850793,-91.67432051472446,Pacific,Polar,7.3061249106737565,0
2021-04-08,10.004251811659156,-39.85357894488844,Atlantic,Polar,9.535495595406045,0
2021-04-09,55.46070581694503,-76.07025476254805,Arctic,Polar,6.619515006843811,0
2021-04-10,-15.015530457155513,-51.95782207261831,Pacific,South,4.580182679646066,0
2021-04-11,-25.714549646176714,78.85652586632838,Arctic,Equatorial,8.955864350094979,0
2021-04-12,44.23189538273523,-73.03618237565699,Atlantic,South,12.669955364887844,0
2021-04-13,-33.16849937766568,23.905670506882988,Indian,Equatorial,3.513176316816107,0
2021-04-14,55.58670473287336,-8.62185520832412,Indian,North,30.922541702206285,1
2021-04-15,-58.54146303722204,58.92161953055333,Atlantic,Polar,6.890487508227753,0
2021-04-16,56.385459204916685,157.25870615691287,Indian,Equatorial,7.538273103757466,0
2021-04-17,-54.82081056593087,83.7259549956901,Indian,South,15.144514010886777,0
2021-04-18,46.93717364376853,-102.62146370732756,Atlantic,Polar,10.054881419640544,0
2021-04-19,3.324133090355983,-168.77407137793753,Pacific,North,19.507775769643295,1
2021-04-20,59.15577553431604,-85.58494405206297,Atlantic,Equatorial,10.440915538688536,0
2021-04-21,-51.144412231752135,34.22805505209174,Indian,Equatorial,4.763053283473639,0
2021-04-22,6.462514128158494,-161.48670714566987,Indian,Equatorial,11.337552554531657,0
2021-04-23,56.31630427429187,-1.3081510075549163,Indian,Polar,3.0699001711602842,0
2021-04-24,2.771741300417858,34.863425610080114,Atlantic,South,8.830172299956836,0
2021-04-25,15.527836576231504,-59.672199305894104,Indian,South,8.837050986697761,0
2021-04-26,23.489842678154062,97.5283933484959,Pacific,Equatorial,6.091951590568821,0
2021-04-27,-5.455072227867213,-141.62462887184216,Atlantic,North,7.186052233349317,0
2021-04-28,15.306969610087613,-152.95039857510884,Pacific,North,2.1700849171604015,0
2021-04-29,10.117717430772029,82.1479522332972,Pacific,South,4.3847139199502845,0
2021-04-30,48.13896125891868,-1.6231261657685536,Pacific,North,8.662091771715858,0
2021-05-01,-54.546434359025056,67.82486271398497,Pacific,South,8.829361445794998,0
2021-05-02,-26.28441724893236,-23.462158102651358,Atlantic,Equatorial,4.155991563402503,0
2021-05-03,54.049378089187044,-91.29526803392154,Pacific,South,26.79441702536797,1
2021-05-04,46.831654066909955,114.8768343627119,Atlantic,South,3.144532714316952,0
2021-05-05,-5.3211896657144475,107.78971642883253,Pacific,Equatorial,19.551252745375933,1
2021-05-06,14.415911736184409,70.09072950759364,Pacific,North,11.492680404324133,0
2021-05-07,-26.714258042264078,-82.02775059721343,Pacific,South,4.2993200046938,0
2021-05-08,-37.42546083314864,32.483040072871354,Pacific,South,44.30725717166273,1
2021-05-09,-4.356191407202141,-50.04939710159035,Atlantic,Equatorial,3.1071847578795215,0
2021-05-10,-17.597732636873662,-147.0304536024117,Atlantic,North,18.807626479007205,1
2021-05-11,10.038733422104649,150.2328871664074,Atlantic,South,20.111395792853468,1
2021-05-12,-50.67184356420182,-130.7452928691739,Atlantic,Equatorial,3.952926490891394,0
2021-05-13,56.92737691993998,162.08544737548888,Pacific,South,29.74552355159034,1
2021-05-14,58.345289337552344,-19.437921735135934,Indian,Polar,6.421335434595957,0
